date,family,value,method,n_items
2025-10-28,Basic Materials,0.09376721242223353,ICC calculation,158
2025-10-29,Basic Materials,0.09351951529470637,ICC calculation,158
2025-10-30,Basic Materials,0.09314549637907472,ICC calculation,158
2025-10-31,Basic Materials,0.09407933567263825,ICC calculation,158
2025-11-03,Basic Materials,0.09488167354944571,ICC calculation,158
2025-11-04,Basic Materials,0.09607770683257812,ICC calculation,158
2025-11-05,Basic Materials,0.09548681378058743,ICC calculation,158
2025-11-06,Basic Materials,0.09652361901514844,ICC calculation,159
2025-11-07,Basic Materials,0.09578366132418399,ICC calculation,158
2025-11-10,Basic Materials,0.09449582743607746,ICC calculation,159
2025-11-11,Basic Materials,0.09466040147732002,ICC calculation,159
2025-11-12,Basic Materials,0.09390468407991108,ICC calculation,159
2025-11-13,Basic Materials,0.09450981415785452,ICC calculation,158
2025-11-14,Basic Materials,0.09546918155538495,ICC calculation,158
2025-11-17,Basic Materials,0.09659896437013189,ICC calculation,159
2025-11-18,Basic Materials,0.09657377264191135,ICC calculation,159
2025-11-19,Basic Materials,0.09552790339296494,ICC calculation,159
2025-11-20,Basic Materials,0.09688730266819769,ICC calculation,160
2025-11-24,Basic Materials,0.09628428804561687,ICC calculation,159
2025-11-26,Basic Materials,0.09488402944989435,ICC calculation,159
2025-11-27,Basic Materials,0.09494891798695264,ICC calculation,159
2025-11-28,Basic Materials,0.09458724528864364,ICC calculation,159
2025-12-01,Basic Materials,0.09542578994375575,ICC calculation,159
2025-12-02,Basic Materials,0.09574644065582119,ICC calculation,159
2025-12-03,Basic Materials,0.09521717874998488,ICC calculation,159
2025-12-04,Basic Materials,0.09522256980786754,ICC calculation,159
2025-12-05,Basic Materials,0.09849382403130286,ICC calculation,159
2025-12-08,Basic Materials,0.09722652423445098,ICC calculation,159
2025-12-09,Basic Materials,0.09738957745555889,ICC calculation,159
2025-12-10,Basic Materials,0.09619888640644672,ICC calculation,154
2025-12-11,Basic Materials,0.09591921109768824,ICC calculation,155
2025-12-12,Basic Materials,0.0974250906397746,ICC calculation,155
2025-12-15,Basic Materials,0.09864815956735969,ICC calculation,155
2025-12-16,Basic Materials,0.09984600775807509,ICC calculation,155
2025-12-17,Basic Materials,0.10002895658301966,ICC calculation,155
2025-12-18,Basic Materials,0.09991836070630356,ICC calculation,155
2025-12-19,Basic Materials,0.09973856731175097,ICC calculation,154
2025-12-22,Basic Materials,0.09874021287616319,ICC calculation,154
2025-12-23,Basic Materials,0.09865313937414578,ICC calculation,154
2025-12-24,Basic Materials,0.098567553050876,ICC calculation,154
2025-12-25,Basic Materials,0.09887610070521412,ICC calculation,154
2025-12-26,Basic Materials,0.09850163624527569,ICC calculation,154
2025-12-29,Basic Materials,0.09947142417515549,ICC calculation,154
2025-12-30,Basic Materials,0.09943684703848998,ICC calculation,154
2025-12-31,Basic Materials,0.10006840596182996,ICC calculation,154
2026-01-01,Basic Materials,0.10004478787937914,ICC calculation,153
2026-01-02,Basic Materials,0.09897463289899766,ICC calculation,153
2026-01-05,Basic Materials,0.09923101148287798,ICC calculation,175
2026-01-06,Basic Materials,0.09794573718589696,ICC calculation,175
2026-01-07,Basic Materials,0.09896557555520478,ICC calculation,174
2026-01-08,Basic Materials,0.09868099104779206,ICC calculation,174
2026-01-09,Basic Materials,0.09781719009773367,ICC calculation,174
2026-01-12,Basic Materials,0.0974536231924253,ICC calculation,174
2026-01-13,Basic Materials,0.09727255578924368,ICC calculation,174
2026-01-14,Basic Materials,0.09699998363603425,ICC calculation,174
2026-01-15,Basic Materials,0.09819500574860862,ICC calculation,174
2026-01-16,Basic Materials,0.09864389498779967,ICC calculation,174
2026-01-19,Basic Materials,0.09950573057088923,ICC calculation,174
2026-01-20,Basic Materials,0.09993571279757571,ICC calculation,174
2026-01-21,Basic Materials,0.097649530536253,ICC calculation,161
2026-01-22,Basic Materials,0.09598845416557278,ICC calculation,161
2026-01-23,Basic Materials,0.09615041518071762,ICC calculation,161
2026-01-26,Basic Materials,0.0981646507125957,ICC calculation,162
2026-01-27,Basic Materials,0.09716274136534982,ICC calculation,161
2026-01-28,Basic Materials,0.09661989290644564,ICC calculation,161
2026-01-29,Basic Materials,0.09439143670104413,ICC calculation,162
2026-01-30,Basic Materials,0.09703400799100133,ICC calculation,161
2026-02-03,Basic Materials,0.09467960908259103,ICC calculation,161
2026-02-04,Basic Materials,0.09622920766841786,ICC calculation,161
2026-02-05,Basic Materials,0.09697449403345591,ICC calculation,161
2026-02-06,Basic Materials,0.09663032390646507,ICC calculation,161
2026-02-09,Basic Materials,0.09535653151308691,ICC calculation,161
2026-02-10,Basic Materials,0.09573956824212605,ICC calculation,161
2026-02-11,Basic Materials,0.09472802326421112,ICC calculation,161
2026-02-12,Basic Materials,0.0966441703169155,ICC calculation,162
2026-02-13,Basic Materials,0.0937193916355039,ICC calculation,162
2026-02-16,Basic Materials,0.09449440691875399,ICC calculation,161
2026-02-17,Basic Materials,0.09505122370872841,ICC calculation,161
2026-02-18,Basic Materials,0.09335384561214521,ICC calculation,162
2026-02-19,Basic Materials,0.0849222624929996,ICC calculation,163
2026-02-20,Basic Materials,0.08027282926625864,ICC calculation,165
2026-02-23,Basic Materials,0.07688932420708455,ICC calculation,163
2026-02-24,Basic Materials,0.07604746669136904,ICC calculation,163
2026-02-25,Basic Materials,0.0767522600031082,ICC calculation,163
2026-02-26,Basic Materials,0.0767317706539098,ICC calculation,164
2026-02-27,Basic Materials,0.07600533054393632,ICC calculation,165
2026-03-02,Basic Materials,0.07631025274647017,ICC calculation,164
2026-03-03,Basic Materials,0.0788184714680408,ICC calculation,164
2026-03-04,Basic Materials,0.07990650034299318,ICC calculation,164
2026-03-05,Basic Materials,0.08170561817462081,ICC calculation,165
2026-03-06,Basic Materials,0.08289217553039496,ICC calculation,165
2026-03-09,Basic Materials,0.08224517324496294,ICC calculation,165
2026-03-10,Basic Materials,0.08211685423848095,ICC calculation,165
2026-03-11,Basic Materials,0.08140847108655498,ICC calculation,165
2026-03-12,Basic Materials,0.08202229977452202,ICC calculation,166
2026-03-13,Basic Materials,0.08079467342184322,ICC calculation,165
2026-03-16,Basic Materials,0.08118528483029158,ICC calculation,164
2026-03-17,Basic Materials,0.0812256543170965,ICC calculation,165
2026-03-18,Basic Materials,0.0831550701760585,ICC calculation,165
2026-03-19,Basic Materials,0.08462368415610005,ICC calculation,165
2026-03-20,Basic Materials,0.08530720279920943,ICC calculation,166
2026-03-23,Basic Materials,0.0837836633282332,ICC calculation,165
2026-03-24,Basic Materials,0.08441070735516741,ICC calculation,165
2026-03-25,Basic Materials,0.08370156096925534,ICC calculation,166
2026-03-26,Basic Materials,0.08495163951898821,ICC calculation,166
2026-03-27,Basic Materials,0.08458592077133724,ICC calculation,165
2026-03-30,Basic Materials,0.08483879647689965,ICC calculation,165
2026-03-31,Basic Materials,0.08283637001403374,ICC calculation,165
2026-04-01,Basic Materials,0.08160202388534012,ICC calculation,165
2026-04-02,Basic Materials,0.08164922139537636,ICC calculation,166
2026-04-03,Basic Materials,0.08044878742984728,ICC calculation,166
2026-04-06,Basic Materials,0.08071770876511518,ICC calculation,166
2026-04-07,Basic Materials,0.08082692122045756,ICC calculation,166
2026-04-08,Basic Materials,0.07886292209015174,ICC calculation,166
2026-04-09,Basic Materials,0.0803402320116428,ICC calculation,166
2026-04-10,Basic Materials,0.08092433075648028,ICC calculation,166
2026-04-13,Basic Materials,0.08035568856537254,ICC calculation,166
2026-04-14,Basic Materials,0.08037733660188916,ICC calculation,166
2026-04-15,Basic Materials,0.0810829259016994,ICC calculation,166
2026-04-16,Basic Materials,0.08146835236434928,ICC calculation,167
2025-10-28,Communication Services,0.05953687575701792,ICC calculation,157
2025-10-29,Communication Services,0.05881954312675827,ICC calculation,157
2025-10-30,Communication Services,0.06076404935895621,ICC calculation,157
2025-10-31,Communication Services,0.06066222850007688,ICC calculation,157
2025-11-03,Communication Services,0.059834935996891644,ICC calculation,157
2025-11-04,Communication Services,0.06082213713601041,ICC calculation,157
2025-11-05,Communication Services,0.06001410213762901,ICC calculation,157
2025-11-06,Communication Services,0.060287839210267646,ICC calculation,158
2025-11-07,Communication Services,0.06125243726209741,ICC calculation,158
2025-11-10,Communication Services,0.060851972302763964,ICC calculation,159
2025-11-11,Communication Services,0.06077288424771227,ICC calculation,159
2025-11-12,Communication Services,0.06136471439555252,ICC calculation,159
2025-11-13,Communication Services,0.06257204466751791,ICC calculation,158
2025-11-14,Communication Services,0.06285015684550305,ICC calculation,158
2025-11-17,Communication Services,0.06211916895420724,ICC calculation,159
2025-11-18,Communication Services,0.062152344373461385,ICC calculation,160
2025-11-19,Communication Services,0.06132676804156823,ICC calculation,160
2025-11-20,Communication Services,0.06168305483371808,ICC calculation,159
2025-11-24,Communication Services,0.059140958961422206,ICC calculation,160
2025-11-26,Communication Services,0.05851585743946188,ICC calculation,160
2025-11-27,Communication Services,0.05855676808696982,ICC calculation,160
2025-11-28,Communication Services,0.05847491985482143,ICC calculation,160
2025-12-01,Communication Services,0.05904565129856445,ICC calculation,159
2025-12-02,Communication Services,0.05886626921879321,ICC calculation,159
2025-12-03,Communication Services,0.05864293740239476,ICC calculation,159
2025-12-04,Communication Services,0.05878104742582092,ICC calculation,159
2025-12-05,Communication Services,0.05850829724120468,ICC calculation,160
2025-12-08,Communication Services,0.0592135652758681,ICC calculation,160
2025-12-09,Communication Services,0.05891529438195053,ICC calculation,160
2025-12-10,Communication Services,0.05879713237006635,ICC calculation,167
2025-12-11,Communication Services,0.05935690222184991,ICC calculation,167
2025-12-12,Communication Services,0.05979364886679362,ICC calculation,165
2025-12-15,Communication Services,0.05976121247205412,ICC calculation,165
2025-12-16,Communication Services,0.05981368162165506,ICC calculation,166
2025-12-17,Communication Services,0.06102000255500105,ICC calculation,166
2025-12-18,Communication Services,0.060974116472954296,ICC calculation,165
2025-12-19,Communication Services,0.060210562260132085,ICC calculation,165
2025-12-22,Communication Services,0.06065486052459265,ICC calculation,166
2025-12-23,Communication Services,0.059542257690257526,ICC calculation,166
2025-12-24,Communication Services,0.05918639227536315,ICC calculation,166
2025-12-25,Communication Services,0.05918645318030124,ICC calculation,166
2025-12-26,Communication Services,0.059290180097234656,ICC calculation,166
2025-12-29,Communication Services,0.059335209167569083,ICC calculation,166
2025-12-30,Communication Services,0.05925298432422762,ICC calculation,166
2025-12-31,Communication Services,0.05944583056313778,ICC calculation,166
2026-01-01,Communication Services,0.0594472042919538,ICC calculation,163
2026-01-02,Communication Services,0.05951103366273589,ICC calculation,163
2026-01-05,Communication Services,0.05930159746009415,ICC calculation,166
2026-01-06,Communication Services,0.05951319170268092,ICC calculation,166
2026-01-07,Communication Services,0.0589063036926114,ICC calculation,166
2026-01-08,Communication Services,0.05861349692070413,ICC calculation,166
2026-01-09,Communication Services,0.05847676237471251,ICC calculation,166
2026-01-12,Communication Services,0.0585459502308513,ICC calculation,168
2026-01-13,Communication Services,0.05835569498750662,ICC calculation,168
2026-01-14,Communication Services,0.058477128068576995,ICC calculation,168
2026-01-15,Communication Services,0.058762473351124285,ICC calculation,168
2026-01-16,Communication Services,0.059133230906945874,ICC calculation,168
2026-01-19,Communication Services,0.059242105948538765,ICC calculation,168
2026-01-20,Communication Services,0.059756380738896255,ICC calculation,168
2026-01-21,Communication Services,0.056911443798726265,ICC calculation,118
2026-01-22,Communication Services,0.05661783851727536,ICC calculation,118
2026-01-23,Communication Services,0.05641656116431653,ICC calculation,118
2026-01-26,Communication Services,0.05588499831786278,ICC calculation,118
2026-01-27,Communication Services,0.05584853375784513,ICC calculation,118
2026-01-28,Communication Services,0.05583695821804733,ICC calculation,118
2026-01-29,Communication Services,0.05275544619416481,ICC calculation,118
2026-01-30,Communication Services,0.053222753087121634,ICC calculation,118
2026-02-03,Communication Services,0.05338055802950976,ICC calculation,118
2026-02-04,Communication Services,0.06895180174454786,ICC calculation,119
2026-02-05,Communication Services,0.0692349485667645,ICC calculation,119
2026-02-06,Communication Services,0.07133247121593787,ICC calculation,119
2026-02-09,Communication Services,0.07059575261565663,ICC calculation,120
2026-02-10,Communication Services,0.07107826225962988,ICC calculation,120
2026-02-11,Communication Services,0.07191997752292381,ICC calculation,120
2026-02-12,Communication Services,0.07167365389020164,ICC calculation,120
2026-02-13,Communication Services,0.0721087053932108,ICC calculation,119
2026-02-16,Communication Services,0.07229669622402068,ICC calculation,120
2026-02-17,Communication Services,0.07255749004733383,ICC calculation,120
2026-02-18,Communication Services,0.07237434326799994,ICC calculation,120
2026-02-19,Communication Services,0.07234031290950423,ICC calculation,120
2026-02-20,Communication Services,0.07113895736233604,ICC calculation,121
2026-02-23,Communication Services,0.07183775621074168,ICC calculation,121
2026-02-24,Communication Services,0.07178332655375061,ICC calculation,121
2026-02-25,Communication Services,0.07157803873373127,ICC calculation,121
2026-02-26,Communication Services,0.07197861634233294,ICC calculation,121
2026-02-27,Communication Services,0.07167510791561736,ICC calculation,121
2026-03-02,Communication Services,0.07194546014278402,ICC calculation,122
2026-03-03,Communication Services,0.07221294784319088,ICC calculation,123
2026-03-04,Communication Services,0.07208587606366318,ICC calculation,123
2026-03-05,Communication Services,0.07233715308413732,ICC calculation,123
2026-03-06,Communication Services,0.07277697379360502,ICC calculation,122
2026-03-09,Communication Services,0.07203197998975058,ICC calculation,121
2026-03-10,Communication Services,0.07196810703910272,ICC calculation,121
2026-03-11,Communication Services,0.07185211103810489,ICC calculation,121
2026-03-12,Communication Services,0.07270671869031017,ICC calculation,121
2026-03-13,Communication Services,0.07313662460161519,ICC calculation,121
2026-03-16,Communication Services,0.07257240418376018,ICC calculation,122
2026-03-17,Communication Services,0.07202710806487468,ICC calculation,123
2026-03-18,Communication Services,0.07259482311148316,ICC calculation,123
2026-03-19,Communication Services,0.07279783797022239,ICC calculation,123
2026-03-20,Communication Services,0.07370018989932177,ICC calculation,124
2026-03-23,Communication Services,0.07389138666546416,ICC calculation,123
2026-03-24,Communication Services,0.07538863197805463,ICC calculation,122
2026-03-25,Communication Services,0.07546487718609626,ICC calculation,122
2026-03-26,Communication Services,0.07725357128728721,ICC calculation,122
2026-03-27,Communication Services,0.07850385613988278,ICC calculation,123
2026-03-30,Communication Services,0.07858083501610141,ICC calculation,123
2026-03-31,Communication Services,0.07620109253319962,ICC calculation,123
2026-04-01,Communication Services,0.0750615487017291,ICC calculation,124
2026-04-02,Communication Services,0.07520140613947715,ICC calculation,124
2026-04-03,Communication Services,0.07515852355769087,ICC calculation,124
2026-04-06,Communication Services,0.07468972769702134,ICC calculation,124
2026-04-07,Communication Services,0.07402325742500694,ICC calculation,124
2026-04-08,Communication Services,0.07227193506037793,ICC calculation,124
2026-04-09,Communication Services,0.07201823784500161,ICC calculation,124
2026-04-10,Communication Services,0.07216804362361323,ICC calculation,124
2026-04-13,Communication Services,0.07156385139134122,ICC calculation,124
2026-04-14,Communication Services,0.06997970994795948,ICC calculation,124
2026-04-15,Communication Services,0.068971192307244,ICC calculation,124
2026-04-16,Communication Services,0.06914275757751538,ICC calculation,124
2025-10-28,Consumer Cyclical,0.0826712319587173,ICC calculation,393
2025-10-29,Consumer Cyclical,0.08299348609272869,ICC calculation,393
2025-10-30,Consumer Cyclical,0.08497267329760003,ICC calculation,394
2025-10-31,Consumer Cyclical,0.0820009186993626,ICC calculation,394
2025-11-03,Consumer Cyclical,0.0803741074756109,ICC calculation,394
2025-11-04,Consumer Cyclical,0.08123560620324367,ICC calculation,393
2025-11-05,Consumer Cyclical,0.08066274079469885,ICC calculation,393
2025-11-06,Consumer Cyclical,0.08177010395952387,ICC calculation,393
2025-11-07,Consumer Cyclical,0.08166252441940412,ICC calculation,391
2025-11-10,Consumer Cyclical,0.07977621116043568,ICC calculation,391
2025-11-11,Consumer Cyclical,0.08362949746609798,ICC calculation,391
2025-11-12,Consumer Cyclical,0.08040119247933036,ICC calculation,391
2025-11-13,Consumer Cyclical,0.08194905792640851,ICC calculation,391
2025-11-14,Consumer Cyclical,0.08227445829917132,ICC calculation,391
2025-11-17,Consumer Cyclical,0.08206300620679818,ICC calculation,392
2025-11-18,Consumer Cyclical,0.08322880243563176,ICC calculation,391
2025-11-19,Consumer Cyclical,0.08233190976120006,ICC calculation,391
2025-11-20,Consumer Cyclical,0.08299591508739934,ICC calculation,390
2025-11-24,Consumer Cyclical,0.08136953352450349,ICC calculation,390
2025-11-26,Consumer Cyclical,0.08144601909589536,ICC calculation,390
2025-11-27,Consumer Cyclical,0.08125768692076404,ICC calculation,390
2025-11-28,Consumer Cyclical,0.08076901044071406,ICC calculation,390
2025-12-01,Consumer Cyclical,0.07989984134967254,ICC calculation,390
2025-12-02,Consumer Cyclical,0.07984079144179797,ICC calculation,389
2025-12-03,Consumer Cyclical,0.07927315362070417,ICC calculation,389
2025-12-04,Consumer Cyclical,0.0794579879319613,ICC calculation,389
2025-12-05,Consumer Cyclical,0.07931110651902497,ICC calculation,389
2025-12-08,Consumer Cyclical,0.08013295756353282,ICC calculation,389
2025-12-09,Consumer Cyclical,0.08006991125245502,ICC calculation,390
2025-12-10,Consumer Cyclical,0.07902244550075035,ICC calculation,387
2025-12-11,Consumer Cyclical,0.07886819422132468,ICC calculation,388
2025-12-12,Consumer Cyclical,0.07860604637489085,ICC calculation,388
2025-12-15,Consumer Cyclical,0.07800181117054046,ICC calculation,387
2025-12-16,Consumer Cyclical,0.07753886796272573,ICC calculation,387
2025-12-17,Consumer Cyclical,0.0781838712815881,ICC calculation,386
2025-12-18,Consumer Cyclical,0.07735485620544838,ICC calculation,386
2025-12-19,Consumer Cyclical,0.07766678093320513,ICC calculation,386
2025-12-22,Consumer Cyclical,0.07733604020609529,ICC calculation,386
2025-12-23,Consumer Cyclical,0.07720493698898294,ICC calculation,385
2025-12-24,Consumer Cyclical,0.07705518114873407,ICC calculation,385
2025-12-25,Consumer Cyclical,0.07704827486216281,ICC calculation,384
2025-12-26,Consumer Cyclical,0.07733175297594334,ICC calculation,384
2025-12-29,Consumer Cyclical,0.07774812986647058,ICC calculation,384
2025-12-30,Consumer Cyclical,0.07787503733123642,ICC calculation,384
2025-12-31,Consumer Cyclical,0.07829922298957434,ICC calculation,384
2026-01-01,Consumer Cyclical,0.07830528498341792,ICC calculation,384
2026-01-02,Consumer Cyclical,0.0791451427552521,ICC calculation,384
2026-01-05,Consumer Cyclical,0.07811536558408458,ICC calculation,387
2026-01-06,Consumer Cyclical,0.07753624684296254,ICC calculation,387
2026-01-07,Consumer Cyclical,0.07748227434792435,ICC calculation,387
2026-01-08,Consumer Cyclical,0.0768806531112673,ICC calculation,388
2026-01-09,Consumer Cyclical,0.07577681966156735,ICC calculation,388
2026-01-12,Consumer Cyclical,0.07603850587896335,ICC calculation,389
2026-01-13,Consumer Cyclical,0.0760813000216148,ICC calculation,389
2026-01-14,Consumer Cyclical,0.07671581690971369,ICC calculation,389
2026-01-15,Consumer Cyclical,0.0763447690972136,ICC calculation,388
2026-01-16,Consumer Cyclical,0.0763624726742974,ICC calculation,388
2026-01-19,Consumer Cyclical,0.07629534850443837,ICC calculation,388
2026-01-20,Consumer Cyclical,0.07770483272213459,ICC calculation,390
2026-01-21,Consumer Cyclical,0.08349723278505251,ICC calculation,332
2026-01-22,Consumer Cyclical,0.08324248606087137,ICC calculation,332
2026-01-23,Consumer Cyclical,0.08267261110706649,ICC calculation,332
2026-01-26,Consumer Cyclical,0.08256527179452545,ICC calculation,331
2026-01-27,Consumer Cyclical,0.08206433575244275,ICC calculation,331
2026-01-28,Consumer Cyclical,0.08298750888894055,ICC calculation,331
2026-01-29,Consumer Cyclical,0.08349657001958759,ICC calculation,330
2026-01-30,Consumer Cyclical,0.08424222649141257,ICC calculation,329
2026-02-03,Consumer Cyclical,0.08473808661077092,ICC calculation,329
2026-02-04,Consumer Cyclical,0.08483991361864865,ICC calculation,329
2026-02-05,Consumer Cyclical,0.09442461129040787,ICC calculation,329
2026-02-06,Consumer Cyclical,0.09701254716031234,ICC calculation,329
2026-02-09,Consumer Cyclical,0.09464468724604203,ICC calculation,329
2026-02-10,Consumer Cyclical,0.09399408712958307,ICC calculation,329
2026-02-11,Consumer Cyclical,0.09476471481560157,ICC calculation,329
2026-02-12,Consumer Cyclical,0.0960197344730945,ICC calculation,329
2026-02-13,Consumer Cyclical,0.0957418861308528,ICC calculation,329
2026-02-16,Consumer Cyclical,0.09583382419010968,ICC calculation,329
2026-02-17,Consumer Cyclical,0.09538005725187523,ICC calculation,329
2026-02-18,Consumer Cyclical,0.09514384878233477,ICC calculation,329
2026-02-19,Consumer Cyclical,0.09622544475166031,ICC calculation,329
2026-02-20,Consumer Cyclical,0.09546760831981414,ICC calculation,329
2026-02-23,Consumer Cyclical,0.09677769800710881,ICC calculation,329
2026-02-24,Consumer Cyclical,0.09697858894419582,ICC calculation,330
2026-02-25,Consumer Cyclical,0.09724647419496425,ICC calculation,330
2026-02-26,Consumer Cyclical,0.0967786054752643,ICC calculation,330
2026-02-27,Consumer Cyclical,0.09727118773155727,ICC calculation,330
2026-03-02,Consumer Cyclical,0.0978321483049465,ICC calculation,330
2026-03-03,Consumer Cyclical,0.09792888915701105,ICC calculation,330
2026-03-04,Consumer Cyclical,0.09695555876454735,ICC calculation,330
2026-03-05,Consumer Cyclical,0.09723630205362832,ICC calculation,331
2026-03-06,Consumer Cyclical,0.09857361509378954,ICC calculation,330
2026-03-09,Consumer Cyclical,0.09885599431162478,ICC calculation,330
2026-03-10,Consumer Cyclical,0.09912679198522509,ICC calculation,330
2026-03-11,Consumer Cyclical,0.0995990328184606,ICC calculation,331
2026-03-12,Consumer Cyclical,0.10148440892201643,ICC calculation,332
2026-03-13,Consumer Cyclical,0.10175354076310475,ICC calculation,332
2026-03-16,Consumer Cyclical,0.09962170567820489,ICC calculation,332
2026-03-17,Consumer Cyclical,0.09910240079353742,ICC calculation,331
2026-03-18,Consumer Cyclical,0.10071930842058101,ICC calculation,331
2026-03-19,Consumer Cyclical,0.10065609405325462,ICC calculation,331
2026-03-20,Consumer Cyclical,0.10488300176850678,ICC calculation,332
2026-03-23,Consumer Cyclical,0.10295134432482644,ICC calculation,333
2026-03-24,Consumer Cyclical,0.10201681991642099,ICC calculation,333
2026-03-25,Consumer Cyclical,0.10160804844268771,ICC calculation,333
2026-03-26,Consumer Cyclical,0.10197419930058976,ICC calculation,333
2026-03-27,Consumer Cyclical,0.10377332795025085,ICC calculation,333
2026-03-30,Consumer Cyclical,0.10427406862426442,ICC calculation,333
2026-03-31,Consumer Cyclical,0.1016865851964242,ICC calculation,333
2026-04-01,Consumer Cyclical,0.10072754317523792,ICC calculation,333
2026-04-02,Consumer Cyclical,0.10103078705427165,ICC calculation,333
2026-04-03,Consumer Cyclical,0.10052370640147126,ICC calculation,333
2026-04-06,Consumer Cyclical,0.09987941467107968,ICC calculation,334
2026-04-07,Consumer Cyclical,0.10009424873618794,ICC calculation,334
2026-04-08,Consumer Cyclical,0.09791453713955113,ICC calculation,334
2026-04-09,Consumer Cyclical,0.09632522281004376,ICC calculation,334
2026-04-10,Consumer Cyclical,0.09617665598013801,ICC calculation,334
2026-04-13,Consumer Cyclical,0.0957205168610886,ICC calculation,334
2026-04-14,Consumer Cyclical,0.09466592389248253,ICC calculation,334
2026-04-15,Consumer Cyclical,0.09473757812077588,ICC calculation,334
2026-04-16,Consumer Cyclical,0.09489073738816745,ICC calculation,334
2025-10-28,Consumer Defensive,0.06695429274525685,ICC calculation,156
2025-10-29,Consumer Defensive,0.06791176366952112,ICC calculation,156
2025-10-30,Consumer Defensive,0.06799312656394164,ICC calculation,155
2025-10-31,Consumer Defensive,0.06812435125997682,ICC calculation,155
2025-11-03,Consumer Defensive,0.06815881999982071,ICC calculation,155
2025-11-04,Consumer Defensive,0.06783554386455451,ICC calculation,155
2025-11-05,Consumer Defensive,0.06787343783390011,ICC calculation,155
2025-11-06,Consumer Defensive,0.0681161042619353,ICC calculation,156
2025-11-07,Consumer Defensive,0.0674075819156429,ICC calculation,156
2025-11-10,Consumer Defensive,0.06767280081910271,ICC calculation,156
2025-11-11,Consumer Defensive,0.06694555546469257,ICC calculation,157
2025-11-12,Consumer Defensive,0.06701128490009503,ICC calculation,157
2025-11-13,Consumer Defensive,0.06709202213089575,ICC calculation,157
2025-11-14,Consumer Defensive,0.0672276802123915,ICC calculation,156
2025-11-17,Consumer Defensive,0.06764888077520115,ICC calculation,156
2025-11-18,Consumer Defensive,0.06772509108068961,ICC calculation,157
2025-11-19,Consumer Defensive,0.06799760891731442,ICC calculation,157
2025-11-20,Consumer Defensive,0.06723281349407347,ICC calculation,157
2025-11-24,Consumer Defensive,0.06746755031866308,ICC calculation,158
2025-11-26,Consumer Defensive,0.06618964106083432,ICC calculation,158
2025-11-27,Consumer Defensive,0.06619196334627817,ICC calculation,158
2025-11-28,Consumer Defensive,0.06585566040538396,ICC calculation,158
2025-12-01,Consumer Defensive,0.06575283690019296,ICC calculation,158
2025-12-02,Consumer Defensive,0.06598309933800225,ICC calculation,158
2025-12-03,Consumer Defensive,0.06575044548144665,ICC calculation,158
2025-12-04,Consumer Defensive,0.06605727651445925,ICC calculation,158
2025-12-05,Consumer Defensive,0.06618729609847751,ICC calculation,158
2025-12-08,Consumer Defensive,0.06671070507839588,ICC calculation,158
2025-12-09,Consumer Defensive,0.06612956224095676,ICC calculation,158
2025-12-10,Consumer Defensive,0.07334616366124887,ICC calculation,157
2025-12-11,Consumer Defensive,0.0729005885729641,ICC calculation,157
2025-12-12,Consumer Defensive,0.0721966707349071,ICC calculation,158
2025-12-15,Consumer Defensive,0.07219905931673158,ICC calculation,157
2025-12-16,Consumer Defensive,0.07241493033025341,ICC calculation,157
2025-12-17,Consumer Defensive,0.07208947607245196,ICC calculation,156
2025-12-18,Consumer Defensive,0.07251165382920322,ICC calculation,156
2025-12-19,Consumer Defensive,0.07271512764485419,ICC calculation,156
2025-12-22,Consumer Defensive,0.07290426987539853,ICC calculation,156
2025-12-23,Consumer Defensive,0.07291562074755926,ICC calculation,156
2025-12-24,Consumer Defensive,0.07259551958553079,ICC calculation,156
2025-12-25,Consumer Defensive,0.07259472987900785,ICC calculation,156
2025-12-26,Consumer Defensive,0.0725930710831115,ICC calculation,156
2025-12-29,Consumer Defensive,0.07288723791465777,ICC calculation,156
2025-12-30,Consumer Defensive,0.07299115637683683,ICC calculation,156
2025-12-31,Consumer Defensive,0.07329959879769248,ICC calculation,156
2026-01-01,Consumer Defensive,0.06692758912512982,ICC calculation,157
2026-01-02,Consumer Defensive,0.06692800640119884,ICC calculation,157
2026-01-05,Consumer Defensive,0.0671594679006008,ICC calculation,160
2026-01-06,Consumer Defensive,0.06710146313345743,ICC calculation,160
2026-01-07,Consumer Defensive,0.0676265810240346,ICC calculation,160
2026-01-08,Consumer Defensive,0.06664079906334236,ICC calculation,160
2026-01-09,Consumer Defensive,0.06604439196417647,ICC calculation,160
2026-01-12,Consumer Defensive,0.06531224217145497,ICC calculation,160
2026-01-13,Consumer Defensive,0.06476066730895995,ICC calculation,160
2026-01-14,Consumer Defensive,0.06398105394638927,ICC calculation,160
2026-01-15,Consumer Defensive,0.06417800793485187,ICC calculation,160
2026-01-16,Consumer Defensive,0.06421531148905968,ICC calculation,160
2026-01-19,Consumer Defensive,0.06421183388429692,ICC calculation,160
2026-01-20,Consumer Defensive,0.0641725460183133,ICC calculation,160
2026-01-21,Consumer Defensive,0.07049782476641221,ICC calculation,136
2026-01-22,Consumer Defensive,0.07042625726452648,ICC calculation,136
2026-01-23,Consumer Defensive,0.06959260155005692,ICC calculation,136
2026-01-26,Consumer Defensive,0.06965100764164156,ICC calculation,136
2026-01-27,Consumer Defensive,0.06933053103962127,ICC calculation,136
2026-01-28,Consumer Defensive,0.06987458501917233,ICC calculation,136
2026-01-29,Consumer Defensive,0.06999673790017846,ICC calculation,136
2026-01-30,Consumer Defensive,0.06957261941623143,ICC calculation,135
2026-02-03,Consumer Defensive,0.06830515282927468,ICC calculation,135
2026-02-04,Consumer Defensive,0.06801008265193832,ICC calculation,135
2026-02-05,Consumer Defensive,0.0679456241543226,ICC calculation,135
2026-02-06,Consumer Defensive,0.06764175655464996,ICC calculation,135
2026-02-09,Consumer Defensive,0.0680800714772765,ICC calculation,135
2026-02-10,Consumer Defensive,0.06850926091940278,ICC calculation,134
2026-02-11,Consumer Defensive,0.06791749396426541,ICC calculation,133
2026-02-12,Consumer Defensive,0.06963148299123828,ICC calculation,132
2026-02-13,Consumer Defensive,0.06944448745935411,ICC calculation,132
2026-02-16,Consumer Defensive,0.0693242316042156,ICC calculation,132
2026-02-17,Consumer Defensive,0.06979704651934387,ICC calculation,132
2026-02-18,Consumer Defensive,0.06942866898543462,ICC calculation,132
2026-02-19,Consumer Defensive,0.07019949663100622,ICC calculation,132
2026-02-20,Consumer Defensive,0.06927107643871953,ICC calculation,132
2026-02-23,Consumer Defensive,0.06873240818655438,ICC calculation,132
2026-02-24,Consumer Defensive,0.06825720770539996,ICC calculation,132
2026-02-25,Consumer Defensive,0.06804911981243181,ICC calculation,131
2026-02-26,Consumer Defensive,0.06810093589171218,ICC calculation,131
2026-02-27,Consumer Defensive,0.06761981263124323,ICC calculation,132
2026-03-02,Consumer Defensive,0.06850824180734262,ICC calculation,132
2026-03-03,Consumer Defensive,0.06942221631497904,ICC calculation,132
2026-03-04,Consumer Defensive,0.06967393021582495,ICC calculation,132
2026-03-05,Consumer Defensive,0.07062937386020343,ICC calculation,133
2026-03-06,Consumer Defensive,0.07071338113138406,ICC calculation,133
2026-03-09,Consumer Defensive,0.07045748750371963,ICC calculation,133
2026-03-10,Consumer Defensive,0.07050364960884317,ICC calculation,133
2026-03-11,Consumer Defensive,0.07112566123003551,ICC calculation,133
2026-03-12,Consumer Defensive,0.07183051025946295,ICC calculation,134
2026-03-13,Consumer Defensive,0.07166585453479139,ICC calculation,135
2026-03-16,Consumer Defensive,0.07144271416492223,ICC calculation,135
2026-03-17,Consumer Defensive,0.07163319661680928,ICC calculation,135
2026-03-18,Consumer Defensive,0.07294358082519455,ICC calculation,135
2026-03-19,Consumer Defensive,0.07339081195189566,ICC calculation,135
2026-03-20,Consumer Defensive,0.07390067429638249,ICC calculation,135
2026-03-23,Consumer Defensive,0.07378379884978567,ICC calculation,135
2026-03-24,Consumer Defensive,0.07387786691761722,ICC calculation,135
2026-03-25,Consumer Defensive,0.07347149512404633,ICC calculation,135
2026-03-26,Consumer Defensive,0.07405165696450065,ICC calculation,135
2026-03-27,Consumer Defensive,0.07372709110167802,ICC calculation,135
2026-03-30,Consumer Defensive,0.07330916039039935,ICC calculation,135
2026-03-31,Consumer Defensive,0.07346963678616435,ICC calculation,135
2026-04-01,Consumer Defensive,0.07319514832847811,ICC calculation,136
2026-04-02,Consumer Defensive,0.07395008241475709,ICC calculation,136
2026-04-03,Consumer Defensive,0.07452090286357685,ICC calculation,136
2026-04-06,Consumer Defensive,0.07402932037381922,ICC calculation,136
2026-04-07,Consumer Defensive,0.07457803451593119,ICC calculation,136
2026-04-08,Consumer Defensive,0.07339353958828423,ICC calculation,135
2026-04-09,Consumer Defensive,0.07305884050587713,ICC calculation,135
2026-04-10,Consumer Defensive,0.07385130582503006,ICC calculation,135
2026-04-13,Consumer Defensive,0.07403050892288367,ICC calculation,135
2026-04-14,Consumer Defensive,0.07437222659165985,ICC calculation,135
2026-04-15,Consumer Defensive,0.07453143017200735,ICC calculation,135
2026-04-16,Consumer Defensive,0.07434008356070375,ICC calculation,135
2025-10-28,Energy,0.10015134668652573,ICC calculation,186
2025-10-29,Energy,0.09986913787490562,ICC calculation,185
2025-10-30,Energy,0.10059913945948319,ICC calculation,186
2025-10-31,Energy,0.09994834556905308,ICC calculation,186
2025-11-03,Energy,0.09995689347686995,ICC calculation,187
2025-11-04,Energy,0.09973331296837741,ICC calculation,187
2025-11-05,Energy,0.09935508541419441,ICC calculation,187
2025-11-06,Energy,0.09849383736000437,ICC calculation,187
2025-11-07,Energy,0.09751055132992383,ICC calculation,185
2025-11-10,Energy,0.09648280522455556,ICC calculation,186
2025-11-11,Energy,0.09599495529872777,ICC calculation,186
2025-11-12,Energy,0.09788156726163043,ICC calculation,186
2025-11-13,Energy,0.0983370048466068,ICC calculation,185
2025-11-14,Energy,0.0971453748658413,ICC calculation,186
2025-11-17,Energy,0.09819093749092413,ICC calculation,186
2025-11-18,Energy,0.09660100249620125,ICC calculation,186
2025-11-19,Energy,0.09771552799078337,ICC calculation,186
2025-11-20,Energy,0.09826191086368269,ICC calculation,186
2025-11-24,Energy,0.09817438961994342,ICC calculation,185
2025-11-26,Energy,0.09830132434479516,ICC calculation,185
2025-11-27,Energy,0.09815596400964959,ICC calculation,185
2025-11-28,Energy,0.09738940433567828,ICC calculation,185
2025-12-01,Energy,0.096563510641617,ICC calculation,185
2025-12-02,Energy,0.09713594184748524,ICC calculation,185
2025-12-03,Energy,0.09525616422192483,ICC calculation,185
2025-12-04,Energy,0.0949441759402636,ICC calculation,186
2025-12-05,Energy,0.0947038119460581,ICC calculation,187
2025-12-08,Energy,0.09619633495153866,ICC calculation,187
2025-12-09,Energy,0.09575179531066161,ICC calculation,187
2025-12-10,Energy,0.10613070685441238,ICC calculation,183
2025-12-11,Energy,0.10527479533595833,ICC calculation,183
2025-12-12,Energy,0.1055933209404615,ICC calculation,183
2025-12-15,Energy,0.10579978479667501,ICC calculation,183
2025-12-16,Energy,0.10779313567028392,ICC calculation,182
2025-12-17,Energy,0.1063700149351746,ICC calculation,182
2025-12-18,Energy,0.10731533705582434,ICC calculation,182
2025-12-19,Energy,0.10623874459011586,ICC calculation,182
2025-12-22,Energy,0.10526919209080982,ICC calculation,182
2025-12-23,Energy,0.10431455660164986,ICC calculation,182
2025-12-24,Energy,0.10483535436332077,ICC calculation,182
2025-12-25,Energy,0.10480709571232828,ICC calculation,182
2025-12-26,Energy,0.1051357201178227,ICC calculation,182
2025-12-29,Energy,0.10451652084451749,ICC calculation,183
2025-12-30,Energy,0.1033347277472564,ICC calculation,183
2025-12-31,Energy,0.10383065398626748,ICC calculation,183
2026-01-01,Energy,0.10409583754221738,ICC calculation,183
2026-01-02,Energy,0.10239932707577222,ICC calculation,183
2026-01-05,Energy,0.09910588209315643,ICC calculation,193
2026-01-06,Energy,0.08973897401204983,ICC calculation,193
2026-01-07,Energy,0.09053968959163937,ICC calculation,193
2026-01-08,Energy,0.08873468219133837,ICC calculation,193
2026-01-09,Energy,0.08788642337089264,ICC calculation,193
2026-01-12,Energy,0.08775031443834241,ICC calculation,192
2026-01-13,Energy,0.08705082974224189,ICC calculation,192
2026-01-14,Energy,0.08561248567487391,ICC calculation,192
2026-01-15,Energy,0.08582840608592143,ICC calculation,192
2026-01-16,Energy,0.08539887367817085,ICC calculation,192
2026-01-19,Energy,0.08544965913797638,ICC calculation,192
2026-01-20,Energy,0.08570839528358278,ICC calculation,192
2026-01-21,Energy,0.08436397281934879,ICC calculation,180
2026-01-22,Energy,0.08328981203377504,ICC calculation,180
2026-01-23,Energy,0.08314980465087121,ICC calculation,180
2026-01-26,Energy,0.08295143236838161,ICC calculation,180
2026-01-27,Energy,0.08144311759781636,ICC calculation,180
2026-01-28,Energy,0.08082234764809094,ICC calculation,180
2026-01-29,Energy,0.08070407708095775,ICC calculation,180
2026-01-30,Energy,0.08757910996228611,ICC calculation,180
2026-02-03,Energy,0.09578635110304219,ICC calculation,179
2026-02-04,Energy,0.09659783093631417,ICC calculation,179
2026-02-05,Energy,0.09929980956813153,ICC calculation,179
2026-02-06,Energy,0.10211905866398859,ICC calculation,179
2026-02-09,Energy,0.10185754201429306,ICC calculation,179
2026-02-10,Energy,0.10257837676429522,ICC calculation,179
2026-02-11,Energy,0.1034279132677089,ICC calculation,178
2026-02-12,Energy,0.10391206578189952,ICC calculation,178
2026-02-13,Energy,0.10313006312596722,ICC calculation,178
2026-02-16,Energy,0.1042244719221668,ICC calculation,178
2026-02-17,Energy,0.10392511701019691,ICC calculation,178
2026-02-18,Energy,0.10183294437162817,ICC calculation,180
2026-02-19,Energy,0.10136059407931154,ICC calculation,180
2026-02-20,Energy,0.10311389365286636,ICC calculation,180
2026-02-23,Energy,0.10282209077732869,ICC calculation,179
2026-02-24,Energy,0.10430285439878112,ICC calculation,180
2026-02-25,Energy,0.10537346775366817,ICC calculation,181
2026-02-26,Energy,0.10795661641432801,ICC calculation,181
2026-02-27,Energy,0.10586075622810628,ICC calculation,180
2026-03-02,Energy,0.10409771298860258,ICC calculation,182
2026-03-03,Energy,0.105046990593966,ICC calculation,181
2026-03-04,Energy,0.1055928839961126,ICC calculation,181
2026-03-05,Energy,0.10654455521428767,ICC calculation,182
2026-03-06,Energy,0.10944476565128898,ICC calculation,182
2026-03-09,Energy,0.10703949157565287,ICC calculation,182
2026-03-10,Energy,0.10704292684449743,ICC calculation,182
2026-03-11,Energy,0.10450455367549452,ICC calculation,183
2026-03-12,Energy,0.10128215192632334,ICC calculation,183
2026-03-13,Energy,0.10139822855346761,ICC calculation,183
2026-03-16,Energy,0.09218973424033626,ICC calculation,183
2026-03-17,Energy,0.09134292282508488,ICC calculation,183
2026-03-18,Energy,0.08990661370412789,ICC calculation,186
2026-03-19,Energy,0.08882752135665903,ICC calculation,186
2026-03-20,Energy,0.08846551506950646,ICC calculation,186
2026-03-23,Energy,0.08783558493413468,ICC calculation,185
2026-03-24,Energy,0.08449624564773064,ICC calculation,185
2026-03-25,Energy,0.08419591138703658,ICC calculation,185
2026-03-26,Energy,0.08376610409362882,ICC calculation,185
2026-03-27,Energy,0.0829436109474417,ICC calculation,185
2026-03-30,Energy,0.08243643557486367,ICC calculation,185
2026-03-31,Energy,0.08273670845327648,ICC calculation,185
2026-04-01,Energy,0.08489319779925744,ICC calculation,186
2026-04-02,Energy,0.08401554265472434,ICC calculation,186
2026-04-03,Energy,0.0826105626295014,ICC calculation,186
2026-04-06,Energy,0.08212518867849175,ICC calculation,186
2026-04-07,Energy,0.0809953660401705,ICC calculation,186
2026-04-08,Energy,0.08289932607865969,ICC calculation,186
2026-04-09,Energy,0.08269177318088769,ICC calculation,186
2026-04-10,Energy,0.08273937677801195,ICC calculation,186
2026-04-13,Energy,0.08010222890381247,ICC calculation,186
2026-04-14,Energy,0.08137801626367949,ICC calculation,186
2026-04-15,Energy,0.08189362446415702,ICC calculation,186
2026-04-16,Energy,0.08199122121092564,ICC calculation,187
2025-10-28,Financial Services,0.08301749732853013,ICC calculation,624
2025-10-29,Financial Services,0.08487925313679952,ICC calculation,624
2025-10-30,Financial Services,0.08497536395148621,ICC calculation,623
2025-10-31,Financial Services,0.08461067183216653,ICC calculation,623
2025-11-03,Financial Services,0.08723692011221193,ICC calculation,624
2025-11-04,Financial Services,0.08715870510657292,ICC calculation,624
2025-11-05,Financial Services,0.08688354815880793,ICC calculation,623
2025-11-06,Financial Services,0.0870540361250103,ICC calculation,624
2025-11-07,Financial Services,0.08661425329669141,ICC calculation,624
2025-11-10,Financial Services,0.08617593761579023,ICC calculation,625
2025-11-11,Financial Services,0.0857469956044617,ICC calculation,625
2025-11-12,Financial Services,0.08677483956972394,ICC calculation,625
2025-11-13,Financial Services,0.08736195834217605,ICC calculation,625
2025-11-14,Financial Services,0.08743007046393636,ICC calculation,625
2025-11-17,Financial Services,0.08880277583924932,ICC calculation,630
2025-11-18,Financial Services,0.08892106893879567,ICC calculation,630
2025-11-19,Financial Services,0.08875591138266804,ICC calculation,632
2025-11-20,Financial Services,0.08927144795705302,ICC calculation,632
2025-11-24,Financial Services,0.08836509298719025,ICC calculation,629
2025-11-26,Financial Services,0.08717470928163056,ICC calculation,629
2025-11-27,Financial Services,0.08719129283765974,ICC calculation,629
2025-11-28,Financial Services,0.08681286724060583,ICC calculation,629
2025-12-01,Financial Services,0.08734480454691404,ICC calculation,629
2025-12-02,Financial Services,0.08757121759727313,ICC calculation,630
2025-12-03,Financial Services,0.08706133403781696,ICC calculation,630
2025-12-04,Financial Services,0.08737955616103897,ICC calculation,631
2025-12-05,Financial Services,0.08748712715637601,ICC calculation,631
2025-12-08,Financial Services,0.08779162864989934,ICC calculation,631
2025-12-09,Financial Services,0.08798743062524353,ICC calculation,630
2025-12-10,Financial Services,0.08768018248035163,ICC calculation,632
2025-12-11,Financial Services,0.0867468633908373,ICC calculation,633
2025-12-12,Financial Services,0.086919679032439,ICC calculation,632
2025-12-15,Financial Services,0.08657905550959019,ICC calculation,634
2025-12-16,Financial Services,0.08689461136754985,ICC calculation,634
2025-12-17,Financial Services,0.08704728868484195,ICC calculation,633
2025-12-18,Financial Services,0.08698832789964502,ICC calculation,632
2025-12-19,Financial Services,0.08675780693113065,ICC calculation,634
2025-12-22,Financial Services,0.08614832270230834,ICC calculation,633
2025-12-23,Financial Services,0.08603423663982432,ICC calculation,634
2025-12-24,Financial Services,0.085849039614629,ICC calculation,633
2025-12-25,Financial Services,0.08586759001654333,ICC calculation,633
2025-12-26,Financial Services,0.08597839698864597,ICC calculation,633
2025-12-29,Financial Services,0.08627868924396533,ICC calculation,633
2025-12-30,Financial Services,0.08635568335427017,ICC calculation,633
2025-12-31,Financial Services,0.08676040115466509,ICC calculation,634
2026-01-01,Financial Services,0.08678849497723594,ICC calculation,634
2026-01-02,Financial Services,0.08653528488223201,ICC calculation,636
2026-01-05,Financial Services,0.08507289290174244,ICC calculation,640
2026-01-06,Financial Services,0.0848556067689588,ICC calculation,640
2026-01-07,Financial Services,0.08568994491237054,ICC calculation,640
2026-01-08,Financial Services,0.08527588269005824,ICC calculation,640
2026-01-09,Financial Services,0.08536315345146878,ICC calculation,640
2026-01-12,Financial Services,0.08571668962871383,ICC calculation,640
2026-01-13,Financial Services,0.08698666000829283,ICC calculation,640
2026-01-14,Financial Services,0.08638749399427373,ICC calculation,640
2026-01-15,Financial Services,0.0868332283226421,ICC calculation,640
2026-01-16,Financial Services,0.08664244508288299,ICC calculation,639
2026-01-19,Financial Services,0.08631327508120348,ICC calculation,640
2026-01-20,Financial Services,0.08787350435186464,ICC calculation,642
2026-01-21,Financial Services,0.08733207337248301,ICC calculation,516
2026-01-22,Financial Services,0.08723307282528095,ICC calculation,516
2026-01-23,Financial Services,0.0883633037268772,ICC calculation,517
2026-01-26,Financial Services,0.08812387273118003,ICC calculation,517
2026-01-27,Financial Services,0.08852307739597189,ICC calculation,517
2026-01-28,Financial Services,0.08876043594382096,ICC calculation,516
2026-01-29,Financial Services,0.0871477459272006,ICC calculation,516
2026-01-30,Financial Services,0.08788839931422811,ICC calculation,516
2026-02-03,Financial Services,0.08811018429535862,ICC calculation,515
2026-02-04,Financial Services,0.08836011122312448,ICC calculation,515
2026-02-05,Financial Services,0.08807546627277797,ICC calculation,515
2026-02-06,Financial Services,0.08637667372131948,ICC calculation,514
2026-02-09,Financial Services,0.08771865661160515,ICC calculation,514
2026-02-10,Financial Services,0.08714719263380903,ICC calculation,515
2026-02-11,Financial Services,0.08745271098648208,ICC calculation,515
2026-02-12,Financial Services,0.08892051148073647,ICC calculation,514
2026-02-13,Financial Services,0.08722222510068701,ICC calculation,515
2026-02-16,Financial Services,0.08922519548390524,ICC calculation,513
2026-02-17,Financial Services,0.09029753691422457,ICC calculation,513
2026-02-18,Financial Services,0.08958426225452908,ICC calculation,513
2026-02-19,Financial Services,0.08995204877320526,ICC calculation,513
2026-02-20,Financial Services,0.08952683022172161,ICC calculation,513
2026-02-23,Financial Services,0.09110284170730062,ICC calculation,514
2026-02-24,Financial Services,0.09082349496410719,ICC calculation,515
2026-02-25,Financial Services,0.09030792339391366,ICC calculation,513
2026-02-26,Financial Services,0.08974086381891266,ICC calculation,511
2026-02-27,Financial Services,0.09087249844561326,ICC calculation,510
2026-03-02,Financial Services,0.08793826671830449,ICC calculation,509
2026-03-03,Financial Services,0.08848480785080005,ICC calculation,508
2026-03-04,Financial Services,0.08800890062430995,ICC calculation,509
2026-03-05,Financial Services,0.08835808845753336,ICC calculation,509
2026-03-06,Financial Services,0.08914074262906974,ICC calculation,511
2026-03-09,Financial Services,0.09082506318127265,ICC calculation,511
2026-03-10,Financial Services,0.09107990828443539,ICC calculation,511
2026-03-11,Financial Services,0.09150069491695033,ICC calculation,511
2026-03-12,Financial Services,0.09255825252315752,ICC calculation,510
2026-03-13,Financial Services,0.09275706018037984,ICC calculation,512
2026-03-16,Financial Services,0.09202818113151044,ICC calculation,512
2026-03-17,Financial Services,0.09170631552242295,ICC calculation,512
2026-03-18,Financial Services,0.09226410966256388,ICC calculation,513
2026-03-19,Financial Services,0.09235141101938478,ICC calculation,514
2026-03-20,Financial Services,0.09263347706013886,ICC calculation,513
2026-03-23,Financial Services,0.09200731219898026,ICC calculation,514
2026-03-24,Financial Services,0.09213468043854489,ICC calculation,513
2026-03-25,Financial Services,0.0919098598804946,ICC calculation,513
2026-03-26,Financial Services,0.0923067715451856,ICC calculation,514
2026-03-27,Financial Services,0.0935825427987599,ICC calculation,514
2026-03-30,Financial Services,0.09496150635454799,ICC calculation,514
2026-03-31,Financial Services,0.09362411638939869,ICC calculation,515
2026-04-01,Financial Services,0.09352527917422129,ICC calculation,517
2026-04-02,Financial Services,0.09348551915074389,ICC calculation,516
2026-04-03,Financial Services,0.09349344434947729,ICC calculation,513
2026-04-06,Financial Services,0.09319759740654862,ICC calculation,514
2026-04-07,Financial Services,0.09284776775379674,ICC calculation,513
2026-04-08,Financial Services,0.09106612211625134,ICC calculation,513
2026-04-09,Financial Services,0.09094280566827123,ICC calculation,515
2026-04-10,Financial Services,0.09139124096236538,ICC calculation,514
2026-04-13,Financial Services,0.09069956524332476,ICC calculation,514
2026-04-14,Financial Services,0.0905716419934533,ICC calculation,515
2026-04-15,Financial Services,0.09048234959535006,ICC calculation,515
2026-04-16,Financial Services,0.08969589658682242,ICC calculation,515
2025-10-28,Healthcare,0.08382170560372024,ICC calculation,308
2025-10-29,Healthcare,0.08392967304822528,ICC calculation,308
2025-10-30,Healthcare,0.08359080602067034,ICC calculation,305
2025-10-31,Healthcare,0.08263648660258285,ICC calculation,308
2025-11-03,Healthcare,0.08320248030855198,ICC calculation,308
2025-11-04,Healthcare,0.08265185466716567,ICC calculation,308
2025-11-05,Healthcare,0.08241321426747572,ICC calculation,308
2025-11-06,Healthcare,0.08277966199293224,ICC calculation,310
2025-11-07,Healthcare,0.08250453365891995,ICC calculation,310
2025-11-10,Healthcare,0.0815694603840132,ICC calculation,312
2025-11-11,Healthcare,0.0801328921399274,ICC calculation,310
2025-11-12,Healthcare,0.07955574088398634,ICC calculation,311
2025-11-13,Healthcare,0.0796840064624349,ICC calculation,312
2025-11-14,Healthcare,0.08013126434222535,ICC calculation,312
2025-11-17,Healthcare,0.08035971822714577,ICC calculation,312
2025-11-18,Healthcare,0.07997985677449165,ICC calculation,310
2025-11-19,Healthcare,0.08008354857379378,ICC calculation,312
2025-11-20,Healthcare,0.08046940389455824,ICC calculation,312
2025-11-24,Healthcare,0.0790686387146853,ICC calculation,313
2025-11-26,Healthcare,0.07800015635436013,ICC calculation,314
2025-11-27,Healthcare,0.07800975751295569,ICC calculation,314
2025-11-28,Healthcare,0.07826227190362725,ICC calculation,314
2025-12-01,Healthcare,0.07906504755645424,ICC calculation,312
2025-12-02,Healthcare,0.07921862780728613,ICC calculation,313
2025-12-03,Healthcare,0.07872102881160807,ICC calculation,314
2025-12-04,Healthcare,0.07903028947856072,ICC calculation,314
2025-12-05,Healthcare,0.07918992046939134,ICC calculation,314
2025-12-08,Healthcare,0.0797457097554928,ICC calculation,313
2025-12-09,Healthcare,0.08030527150597686,ICC calculation,315
2025-12-10,Healthcare,0.07897749792815328,ICC calculation,335
2025-12-11,Healthcare,0.07871792974259384,ICC calculation,333
2025-12-12,Healthcare,0.07859902272760828,ICC calculation,334
2025-12-15,Healthcare,0.07818017727700287,ICC calculation,334
2025-12-16,Healthcare,0.07883523193009921,ICC calculation,335
2025-12-17,Healthcare,0.078993893244445,ICC calculation,335
2025-12-18,Healthcare,0.0793388374648036,ICC calculation,335
2025-12-19,Healthcare,0.07870333247664733,ICC calculation,334
2025-12-22,Healthcare,0.07832214010556118,ICC calculation,334
2025-12-23,Healthcare,0.07840435919454146,ICC calculation,334
2025-12-24,Healthcare,0.0781935957848031,ICC calculation,334
2025-12-25,Healthcare,0.07830008761272068,ICC calculation,333
2025-12-26,Healthcare,0.07826220359832939,ICC calculation,333
2025-12-29,Healthcare,0.07835517472516568,ICC calculation,333
2025-12-30,Healthcare,0.0784187889092595,ICC calculation,333
2025-12-31,Healthcare,0.07873544658942577,ICC calculation,332
2026-01-01,Healthcare,0.07870363869486025,ICC calculation,332
2026-01-02,Healthcare,0.07843151999139007,ICC calculation,332
2026-01-05,Healthcare,0.07829912600392047,ICC calculation,340
2026-01-06,Healthcare,0.07720733515696274,ICC calculation,341
2026-01-07,Healthcare,0.07697288158155628,ICC calculation,341
2026-01-08,Healthcare,0.07838845122931414,ICC calculation,340
2026-01-09,Healthcare,0.07878082528804364,ICC calculation,341
2026-01-12,Healthcare,0.07802932561263377,ICC calculation,342
2026-01-13,Healthcare,0.07810516208223144,ICC calculation,343
2026-01-14,Healthcare,0.07763192914498182,ICC calculation,344
2026-01-15,Healthcare,0.07795197833646861,ICC calculation,343
2026-01-16,Healthcare,0.07824226816362939,ICC calculation,344
2026-01-19,Healthcare,0.07825845522006589,ICC calculation,345
2026-01-20,Healthcare,0.07868902227132651,ICC calculation,345
2026-01-21,Healthcare,0.07874021479212866,ICC calculation,252
2026-01-22,Healthcare,0.07875983948479853,ICC calculation,252
2026-01-23,Healthcare,0.07928333852544545,ICC calculation,252
2026-01-26,Healthcare,0.07980187478710205,ICC calculation,252
2026-01-27,Healthcare,0.08208747039284232,ICC calculation,252
2026-01-28,Healthcare,0.08313677252462565,ICC calculation,252
2026-01-29,Healthcare,0.08364171692053274,ICC calculation,252
2026-01-30,Healthcare,0.08316205158608093,ICC calculation,252
2026-02-03,Healthcare,0.09059663108852746,ICC calculation,252
2026-02-04,Healthcare,0.08455571786369513,ICC calculation,252
2026-02-05,Healthcare,0.08565414386397613,ICC calculation,252
2026-02-06,Healthcare,0.08467837785391627,ICC calculation,252
2026-02-09,Healthcare,0.08508352442172014,ICC calculation,252
2026-02-10,Healthcare,0.08590011600198386,ICC calculation,252
2026-02-11,Healthcare,0.08632505412518511,ICC calculation,251
2026-02-12,Healthcare,0.08729030354315118,ICC calculation,250
2026-02-13,Healthcare,0.08663551507606145,ICC calculation,250
2026-02-16,Healthcare,0.08662396448826218,ICC calculation,250
2026-02-17,Healthcare,0.08630549366754062,ICC calculation,250
2026-02-18,Healthcare,0.08646312286607828,ICC calculation,251
2026-02-19,Healthcare,0.08596490078830275,ICC calculation,252
2026-02-20,Healthcare,0.08615923746864265,ICC calculation,252
2026-02-23,Healthcare,0.08580235049969402,ICC calculation,250
2026-02-24,Healthcare,0.08611340004234375,ICC calculation,250
2026-02-25,Healthcare,0.08632101202238855,ICC calculation,255
2026-02-26,Healthcare,0.08615764631041131,ICC calculation,255
2026-02-27,Healthcare,0.08571863872683104,ICC calculation,255
2026-03-02,Healthcare,0.08608420884951895,ICC calculation,253
2026-03-03,Healthcare,0.08704615135972285,ICC calculation,253
2026-03-04,Healthcare,0.0871091376149377,ICC calculation,252
2026-03-05,Healthcare,0.08823195880939484,ICC calculation,253
2026-03-06,Healthcare,0.08866677788704831,ICC calculation,256
2026-03-09,Healthcare,0.08812358177331024,ICC calculation,257
2026-03-10,Healthcare,0.0886875085643464,ICC calculation,256
2026-03-11,Healthcare,0.08886608043952418,ICC calculation,256
2026-03-12,Healthcare,0.08959996315211277,ICC calculation,254
2026-03-13,Healthcare,0.0897886203435069,ICC calculation,256
2026-03-16,Healthcare,0.08921548432406014,ICC calculation,254
2026-03-17,Healthcare,0.0897346753993362,ICC calculation,255
2026-03-18,Healthcare,0.0908402621216224,ICC calculation,255
2026-03-19,Healthcare,0.09103785587423974,ICC calculation,254
2026-03-20,Healthcare,0.09162536401697692,ICC calculation,254
2026-03-23,Healthcare,0.09160200570316715,ICC calculation,254
2026-03-24,Healthcare,0.09175398290717304,ICC calculation,254
2026-03-25,Healthcare,0.09113487899673718,ICC calculation,257
2026-03-26,Healthcare,0.09148985429019976,ICC calculation,258
2026-03-27,Healthcare,0.09239717641554038,ICC calculation,260
2026-03-30,Healthcare,0.091868220180081,ICC calculation,260
2026-03-31,Healthcare,0.09070327047341153,ICC calculation,259
2026-04-01,Healthcare,0.09030536833077045,ICC calculation,262
2026-04-02,Healthcare,0.09057872495000728,ICC calculation,262
2026-04-03,Healthcare,0.0905689853484341,ICC calculation,261
2026-04-06,Healthcare,0.09061156038214514,ICC calculation,261
2026-04-07,Healthcare,0.09070124887479937,ICC calculation,261
2026-04-08,Healthcare,0.0895880910586558,ICC calculation,259
2026-04-09,Healthcare,0.09317810006362161,ICC calculation,259
2026-04-10,Healthcare,0.09392749221321084,ICC calculation,259
2026-04-13,Healthcare,0.09533521625753626,ICC calculation,257
2026-04-14,Healthcare,0.09494289790798496,ICC calculation,256
2026-04-15,Healthcare,0.09535799182538172,ICC calculation,256
2026-04-16,Healthcare,0.0944102029204048,ICC calculation,257
2025-10-28,Industrials,0.06621253024723335,ICC calculation,435
2025-10-29,Industrials,0.0655353992305408,ICC calculation,435
2025-10-30,Industrials,0.06594072786373502,ICC calculation,435
2025-10-31,Industrials,0.06585117481597783,ICC calculation,434
2025-11-03,Industrials,0.06608522579569129,ICC calculation,433
2025-11-04,Industrials,0.06675625316909065,ICC calculation,432
2025-11-05,Industrials,0.06651733880728533,ICC calculation,432
2025-11-06,Industrials,0.06707708016756135,ICC calculation,434
2025-11-07,Industrials,0.06699419189259417,ICC calculation,433
2025-11-10,Industrials,0.06659716484070792,ICC calculation,434
2025-11-11,Industrials,0.06659362053643764,ICC calculation,434
2025-11-12,Industrials,0.06673771629635739,ICC calculation,434
2025-11-13,Industrials,0.06755593990285122,ICC calculation,434
2025-11-14,Industrials,0.06756352773733176,ICC calculation,435
2025-11-17,Industrials,0.06809809812016913,ICC calculation,434
2025-11-18,Industrials,0.06830713269253234,ICC calculation,434
2025-11-19,Industrials,0.06812369625080908,ICC calculation,434
2025-11-20,Industrials,0.06879546502666338,ICC calculation,433
2025-11-24,Industrials,0.06819747324878203,ICC calculation,433
2025-11-26,Industrials,0.06823211127639692,ICC calculation,434
2025-11-27,Industrials,0.06831423494113471,ICC calculation,434
2025-11-28,Industrials,0.0681235266611869,ICC calculation,434
2025-12-01,Industrials,0.06885261381044484,ICC calculation,434
2025-12-02,Industrials,0.0686477101711392,ICC calculation,434
2025-12-03,Industrials,0.06821397981333072,ICC calculation,434
2025-12-04,Industrials,0.06795427056091113,ICC calculation,434
2025-12-05,Industrials,0.06809192320296852,ICC calculation,434
2025-12-08,Industrials,0.06816689939361899,ICC calculation,434
2025-12-09,Industrials,0.06864265175700231,ICC calculation,434
2025-12-10,Industrials,0.06793913451640149,ICC calculation,433
2025-12-11,Industrials,0.06736869215256272,ICC calculation,432
2025-12-12,Industrials,0.06758861628839255,ICC calculation,430
2025-12-15,Industrials,0.0674930625287327,ICC calculation,430
2025-12-16,Industrials,0.06775471104475458,ICC calculation,430
2025-12-17,Industrials,0.06846686883000337,ICC calculation,430
2025-12-18,Industrials,0.06810436206111639,ICC calculation,430
2025-12-19,Industrials,0.0676304162341701,ICC calculation,430
2025-12-22,Industrials,0.06710049520642981,ICC calculation,430
2025-12-23,Industrials,0.06705602979711492,ICC calculation,430
2025-12-24,Industrials,0.06721713906521824,ICC calculation,430
2025-12-25,Industrials,0.06698749955726553,ICC calculation,429
2025-12-26,Industrials,0.0670765414662284,ICC calculation,429
2025-12-29,Industrials,0.06721746547501546,ICC calculation,429
2025-12-30,Industrials,0.0673989529638953,ICC calculation,429
2025-12-31,Industrials,0.06786118080699546,ICC calculation,429
2026-01-01,Industrials,0.06789877603589062,ICC calculation,430
2026-01-02,Industrials,0.06691275546805989,ICC calculation,430
2026-01-05,Industrials,0.06616326131518452,ICC calculation,441
2026-01-06,Industrials,0.06567826993307381,ICC calculation,441
2026-01-07,Industrials,0.06646056327257167,ICC calculation,441
2026-01-08,Industrials,0.06622294663952336,ICC calculation,441
2026-01-09,Industrials,0.0655501500093067,ICC calculation,441
2026-01-12,Industrials,0.06504336321290023,ICC calculation,441
2026-01-13,Industrials,0.06474363801351583,ICC calculation,441
2026-01-14,Industrials,0.06459915006184819,ICC calculation,441
2026-01-15,Industrials,0.06404687575330799,ICC calculation,440
2026-01-16,Industrials,0.06378903547198093,ICC calculation,440
2026-01-19,Industrials,0.06383453312972515,ICC calculation,440
2026-01-20,Industrials,0.06487142792408548,ICC calculation,440
2026-01-21,Industrials,0.0635816594793857,ICC calculation,376
2026-01-22,Industrials,0.06455793221441448,ICC calculation,377
2026-01-23,Industrials,0.06444920055210199,ICC calculation,377
2026-01-26,Industrials,0.06456866520138851,ICC calculation,377
2026-01-27,Industrials,0.06778021036181575,ICC calculation,377
2026-01-28,Industrials,0.06759427737678211,ICC calculation,377
2026-01-29,Industrials,0.06723135860167062,ICC calculation,377
2026-01-30,Industrials,0.06763859346282759,ICC calculation,377
2026-02-03,Industrials,0.06689627382864928,ICC calculation,376
2026-02-04,Industrials,0.06682777682796504,ICC calculation,376
2026-02-05,Industrials,0.06723880617349123,ICC calculation,376
2026-02-06,Industrials,0.06653425739466128,ICC calculation,376
2026-02-09,Industrials,0.06617197014562612,ICC calculation,376
2026-02-10,Industrials,0.06626247222489604,ICC calculation,376
2026-02-11,Industrials,0.065923632320517,ICC calculation,375
2026-02-12,Industrials,0.06674242816302055,ICC calculation,375
2026-02-13,Industrials,0.06641363407279094,ICC calculation,374
2026-02-16,Industrials,0.06659314375093431,ICC calculation,374
2026-02-17,Industrials,0.06728331782035438,ICC calculation,375
2026-02-18,Industrials,0.06633317069460436,ICC calculation,376
2026-02-19,Industrials,0.06583741333255536,ICC calculation,376
2026-02-20,Industrials,0.06569997542517515,ICC calculation,375
2026-02-23,Industrials,0.06644043787506827,ICC calculation,375
2026-02-24,Industrials,0.06586354908546549,ICC calculation,376
2026-02-25,Industrials,0.06726891666298829,ICC calculation,376
2026-02-26,Industrials,0.06713152541247769,ICC calculation,378
2026-02-27,Industrials,0.06700364862649147,ICC calculation,378
2026-03-02,Industrials,0.06647576852050509,ICC calculation,381
2026-03-03,Industrials,0.06749966625588161,ICC calculation,382
2026-03-04,Industrials,0.06736281430407033,ICC calculation,382
2026-03-05,Industrials,0.06848012936807531,ICC calculation,381
2026-03-06,Industrials,0.06917791948472955,ICC calculation,381
2026-03-09,Industrials,0.06880352579632654,ICC calculation,379
2026-03-10,Industrials,0.0691080703587826,ICC calculation,381
2026-03-11,Industrials,0.0693391098721452,ICC calculation,380
2026-03-12,Industrials,0.07063795781698946,ICC calculation,380
2026-03-13,Industrials,0.07096148005958466,ICC calculation,380
2026-03-16,Industrials,0.07068897491199178,ICC calculation,382
2026-03-17,Industrials,0.07053398678865566,ICC calculation,383
2026-03-18,Industrials,0.07112479668139567,ICC calculation,384
2026-03-19,Industrials,0.0716218528159229,ICC calculation,384
2026-03-20,Industrials,0.072212899160004,ICC calculation,385
2026-03-23,Industrials,0.07157131273633911,ICC calculation,385
2026-03-24,Industrials,0.07134070967901178,ICC calculation,385
2026-03-25,Industrials,0.07084162907490682,ICC calculation,385
2026-03-26,Industrials,0.07189945364184025,ICC calculation,385
2026-03-27,Industrials,0.07245424326442275,ICC calculation,386
2026-03-30,Industrials,0.07335332196602473,ICC calculation,386
2026-03-31,Industrials,0.07174656795159687,ICC calculation,387
2026-04-01,Industrials,0.07126885547804458,ICC calculation,386
2026-04-02,Industrials,0.07145765515198989,ICC calculation,386
2026-04-03,Industrials,0.07133241133793933,ICC calculation,386
2026-04-06,Industrials,0.0710708410765446,ICC calculation,386
2026-04-07,Industrials,0.07128996684688671,ICC calculation,386
2026-04-08,Industrials,0.06936822663152654,ICC calculation,386
2026-04-09,Industrials,0.06957769110251022,ICC calculation,386
2026-04-10,Industrials,0.06966325476585593,ICC calculation,383
2026-04-13,Industrials,0.06923083640999937,ICC calculation,383
2026-04-14,Industrials,0.06901683944668527,ICC calculation,383
2026-04-15,Industrials,0.06982600993979975,ICC calculation,383
2026-04-16,Industrials,0.0700104042007966,ICC calculation,383
2025-10-28,Real Estate,0.06718806872084146,ICC calculation,183
2025-10-29,Real Estate,0.06795695662791128,ICC calculation,183
2025-10-30,Real Estate,0.06977424493443453,ICC calculation,183
2025-10-31,Real Estate,0.07019930633780548,ICC calculation,183
2025-11-03,Real Estate,0.07359692975248194,ICC calculation,182
2025-11-04,Real Estate,0.0701920642217408,ICC calculation,181
2025-11-05,Real Estate,0.07010797132780429,ICC calculation,181
2025-11-06,Real Estate,0.0698095142107726,ICC calculation,183
2025-11-07,Real Estate,0.07033583129247728,ICC calculation,183
2025-11-10,Real Estate,0.06812705802658814,ICC calculation,181
2025-11-11,Real Estate,0.06665956195633525,ICC calculation,181
2025-11-12,Real Estate,0.06737888373228346,ICC calculation,180
2025-11-13,Real Estate,0.06773803255671537,ICC calculation,180
2025-11-14,Real Estate,0.06803055849250894,ICC calculation,180
2025-11-17,Real Estate,0.06732807721951033,ICC calculation,180
2025-11-18,Real Estate,0.06611284283152112,ICC calculation,180
2025-11-19,Real Estate,0.06670441364003096,ICC calculation,180
2025-11-20,Real Estate,0.06566208731187466,ICC calculation,180
2025-11-24,Real Estate,0.06402747321269084,ICC calculation,180
2025-11-26,Real Estate,0.06418111997896729,ICC calculation,180
2025-11-27,Real Estate,0.0641988939177457,ICC calculation,180
2025-11-28,Real Estate,0.06406659000291177,ICC calculation,180
2025-12-01,Real Estate,0.06460815763295935,ICC calculation,180
2025-12-02,Real Estate,0.06477310898151313,ICC calculation,179
2025-12-03,Real Estate,0.0646649689969321,ICC calculation,179
2025-12-04,Real Estate,0.06440981333437423,ICC calculation,179
2025-12-05,Real Estate,0.06490918435227781,ICC calculation,179
2025-12-08,Real Estate,0.0651212603325519,ICC calculation,179
2025-12-09,Real Estate,0.06527507139776884,ICC calculation,179
2025-12-10,Real Estate,0.06579329661371497,ICC calculation,176
2025-12-11,Real Estate,0.06558194798636428,ICC calculation,176
2025-12-12,Real Estate,0.0658143949363512,ICC calculation,176
2025-12-15,Real Estate,0.06566157901028066,ICC calculation,176
2025-12-16,Real Estate,0.06602802012043447,ICC calculation,176
2025-12-17,Real Estate,0.0665071168590316,ICC calculation,176
2025-12-18,Real Estate,0.06673800756298248,ICC calculation,175
2025-12-19,Real Estate,0.06684475884880872,ICC calculation,175
2025-12-22,Real Estate,0.06651826435591085,ICC calculation,175
2025-12-23,Real Estate,0.06657392353773905,ICC calculation,175
2025-12-24,Real Estate,0.06632834220853533,ICC calculation,175
2025-12-25,Real Estate,0.06633033334980426,ICC calculation,175
2025-12-26,Real Estate,0.0664338632189128,ICC calculation,174
2025-12-29,Real Estate,0.06646565280173213,ICC calculation,174
2025-12-30,Real Estate,0.06625057753769974,ICC calculation,174
2025-12-31,Real Estate,0.06678382576267076,ICC calculation,174
2026-01-01,Real Estate,0.06680544987088147,ICC calculation,175
2026-01-02,Real Estate,0.06599838956127245,ICC calculation,175
2026-01-05,Real Estate,0.0659932329756903,ICC calculation,178
2026-01-06,Real Estate,0.06566228585335485,ICC calculation,179
2026-01-07,Real Estate,0.06464379412844286,ICC calculation,179
2026-01-08,Real Estate,0.06299562998625204,ICC calculation,179
2026-01-09,Real Estate,0.06345827268053582,ICC calculation,179
2026-01-12,Real Estate,0.06319105810425515,ICC calculation,177
2026-01-13,Real Estate,0.06315576782513689,ICC calculation,177
2026-01-14,Real Estate,0.06240536602246051,ICC calculation,177
2026-01-15,Real Estate,0.062089370183043786,ICC calculation,177
2026-01-16,Real Estate,0.06187665969489933,ICC calculation,177
2026-01-19,Real Estate,0.06180628134085099,ICC calculation,177
2026-01-20,Real Estate,0.06342545592470447,ICC calculation,177
2026-01-21,Real Estate,0.06310521442245264,ICC calculation,165
2026-01-22,Real Estate,0.06345261199854278,ICC calculation,165
2026-01-23,Real Estate,0.06349523296737208,ICC calculation,165
2026-01-26,Real Estate,0.06340130718212103,ICC calculation,165
2026-01-27,Real Estate,0.06352455165398908,ICC calculation,165
2026-01-28,Real Estate,0.0632024074956938,ICC calculation,165
2026-01-29,Real Estate,0.06217448232463062,ICC calculation,166
2026-01-30,Real Estate,0.06222909645066061,ICC calculation,166
2026-02-03,Real Estate,0.06345229797265822,ICC calculation,164
2026-02-04,Real Estate,0.0629314795811358,ICC calculation,164
2026-02-05,Real Estate,0.06476057836751485,ICC calculation,165
2026-02-06,Real Estate,0.06348087038649917,ICC calculation,165
2026-02-09,Real Estate,0.06288442690591058,ICC calculation,164
2026-02-10,Real Estate,0.06167732476476131,ICC calculation,166
2026-02-11,Real Estate,0.06374250328765857,ICC calculation,165
2026-02-12,Real Estate,0.06465478999084885,ICC calculation,165
2026-02-13,Real Estate,0.06484277348373182,ICC calculation,165
2026-02-16,Real Estate,0.06451538210784312,ICC calculation,165
2026-02-17,Real Estate,0.06404551255764279,ICC calculation,165
2026-02-18,Real Estate,0.06479170870258374,ICC calculation,165
2026-02-19,Real Estate,0.06589023875039395,ICC calculation,166
2026-02-20,Real Estate,0.06419490401759488,ICC calculation,166
2026-02-23,Real Estate,0.06344853899764391,ICC calculation,165
2026-02-24,Real Estate,0.060052102922042376,ICC calculation,164
2026-02-25,Real Estate,0.059284723879048554,ICC calculation,164
2026-02-26,Real Estate,0.05864267208915276,ICC calculation,164
2026-02-27,Real Estate,0.05911652928302005,ICC calculation,164
2026-03-02,Real Estate,0.05831222161197329,ICC calculation,164
2026-03-03,Real Estate,0.05858705561228063,ICC calculation,164
2026-03-04,Real Estate,0.05837379750889606,ICC calculation,163
2026-03-05,Real Estate,0.05908308124279685,ICC calculation,163
2026-03-06,Real Estate,0.059653720295392135,ICC calculation,163
2026-03-09,Real Estate,0.05930234079782282,ICC calculation,163
2026-03-10,Real Estate,0.059000080056583144,ICC calculation,164
2026-03-11,Real Estate,0.05940941570677931,ICC calculation,164
2026-03-12,Real Estate,0.05968842889039695,ICC calculation,164
2026-03-13,Real Estate,0.059740650769087765,ICC calculation,164
2026-03-16,Real Estate,0.05902356792798552,ICC calculation,163
2026-03-17,Real Estate,0.058869593465006274,ICC calculation,163
2026-03-18,Real Estate,0.059622800638292776,ICC calculation,163
2026-03-19,Real Estate,0.059699140047909764,ICC calculation,163
2026-03-20,Real Estate,0.061310210953364794,ICC calculation,162
2026-03-23,Real Estate,0.060950619031562785,ICC calculation,162
2026-03-24,Real Estate,0.06130876673307641,ICC calculation,162
2026-03-25,Real Estate,0.06145130516468291,ICC calculation,162
2026-03-26,Real Estate,0.06134075656856039,ICC calculation,163
2026-03-27,Real Estate,0.061611567809863106,ICC calculation,163
2026-03-30,Real Estate,0.06145314511789188,ICC calculation,163
2026-03-31,Real Estate,0.06128118442317076,ICC calculation,164
2026-04-01,Real Estate,0.0607905584491965,ICC calculation,163
2026-04-02,Real Estate,0.06021895551039946,ICC calculation,163
2026-04-03,Real Estate,0.06037589759582917,ICC calculation,163
2026-04-06,Real Estate,0.06035364612717717,ICC calculation,163
2026-04-07,Real Estate,0.059288940454615933,ICC calculation,163
2026-04-08,Real Estate,0.059124885146787265,ICC calculation,164
2026-04-09,Real Estate,0.058878680418222445,ICC calculation,164
2026-04-10,Real Estate,0.05880704203868415,ICC calculation,164
2026-04-13,Real Estate,0.05866202303457383,ICC calculation,164
2026-04-14,Real Estate,0.05817058350440658,ICC calculation,165
2026-04-15,Real Estate,0.05848641035208302,ICC calculation,164
2026-04-16,Real Estate,0.05828893776082633,ICC calculation,164
2025-10-28,Technology,0.06350844089218922,ICC calculation,489
2025-10-29,Technology,0.06403280789332914,ICC calculation,489
2025-10-30,Technology,0.06523833050258772,ICC calculation,490
2025-10-31,Technology,0.0662699316460531,ICC calculation,489
2025-11-03,Technology,0.06647921629884043,ICC calculation,488
2025-11-04,Technology,0.06749762768608111,ICC calculation,488
2025-11-05,Technology,0.06743567553900871,ICC calculation,488
2025-11-06,Technology,0.0685034499673539,ICC calculation,486
2025-11-07,Technology,0.06873373899714284,ICC calculation,486
2025-11-10,Technology,0.0678587281770308,ICC calculation,486
2025-11-11,Technology,0.06814564631582806,ICC calculation,487
2025-11-12,Technology,0.06816201198848981,ICC calculation,486
2025-11-13,Technology,0.06933069419384301,ICC calculation,485
2025-11-14,Technology,0.06971114809698047,ICC calculation,485
2025-11-17,Technology,0.07068604362594641,ICC calculation,486
2025-11-18,Technology,0.07140077496780611,ICC calculation,487
2025-11-19,Technology,0.07106833596238177,ICC calculation,487
2025-11-20,Technology,0.0754994804361142,ICC calculation,487
2025-11-24,Technology,0.07445750237892804,ICC calculation,486
2025-11-26,Technology,0.07380624825309433,ICC calculation,487
2025-11-27,Technology,0.07374029168232442,ICC calculation,486
2025-11-28,Technology,0.07337608840342255,ICC calculation,486
2025-12-01,Technology,0.0735153871723995,ICC calculation,484
2025-12-02,Technology,0.07309177426385595,ICC calculation,484
2025-12-03,Technology,0.07321942833914676,ICC calculation,485
2025-12-04,Technology,0.07294642379601504,ICC calculation,485
2025-12-05,Technology,0.07276202489687858,ICC calculation,485
2025-12-08,Technology,0.07256582664711365,ICC calculation,485
2025-12-09,Technology,0.07263372770798127,ICC calculation,485
2025-12-10,Technology,0.0723565337172222,ICC calculation,494
2025-12-11,Technology,0.07247028558782041,ICC calculation,495
2025-12-12,Technology,0.07435199797669118,ICC calculation,494
2025-12-15,Technology,0.07515798654969433,ICC calculation,494
2025-12-16,Technology,0.07516852750431614,ICC calculation,492
2025-12-17,Technology,0.0761987307709712,ICC calculation,492
2025-12-18,Technology,0.07521406415224564,ICC calculation,492
2025-12-19,Technology,0.07531816937593583,ICC calculation,492
2025-12-22,Technology,0.07560917382124967,ICC calculation,493
2025-12-23,Technology,0.07598778894672915,ICC calculation,493
2025-12-24,Technology,0.07586721465975899,ICC calculation,493
2025-12-25,Technology,0.07586922547598285,ICC calculation,492
2025-12-26,Technology,0.07579920058523068,ICC calculation,492
2025-12-29,Technology,0.07597388949165045,ICC calculation,492
2025-12-30,Technology,0.07618629934356731,ICC calculation,492
2025-12-31,Technology,0.07653995041078078,ICC calculation,492
2026-01-01,Technology,0.07653756142311802,ICC calculation,494
2026-01-02,Technology,0.0764335867206954,ICC calculation,494
2026-01-05,Technology,0.0769661507976063,ICC calculation,502
2026-01-06,Technology,0.07651089997623577,ICC calculation,502
2026-01-07,Technology,0.07668590875568539,ICC calculation,502
2026-01-08,Technology,0.07743853875319218,ICC calculation,502
2026-01-09,Technology,0.0769781207427234,ICC calculation,501
2026-01-12,Technology,0.07707196731008835,ICC calculation,501
2026-01-13,Technology,0.07747057301991457,ICC calculation,501
2026-01-14,Technology,0.07817208002263772,ICC calculation,501
2026-01-15,Technology,0.07814328627808684,ICC calculation,502
2026-01-16,Technology,0.07922926958734705,ICC calculation,502
2026-01-19,Technology,0.07911220495243403,ICC calculation,500
2026-01-20,Technology,0.0807670344425112,ICC calculation,500
2026-01-21,Technology,0.06989845159479673,ICC calculation,365
2026-01-22,Technology,0.06989182025155333,ICC calculation,365
2026-01-23,Technology,0.07037630203646397,ICC calculation,365
2026-01-26,Technology,0.0697411884075963,ICC calculation,365
2026-01-27,Technology,0.06919851765790354,ICC calculation,365
2026-01-28,Technology,0.07008115048019577,ICC calculation,365
2026-01-29,Technology,0.0695565637440406,ICC calculation,365
2026-01-30,Technology,0.06984434729169631,ICC calculation,366
2026-02-03,Technology,0.07125602979255176,ICC calculation,367
2026-02-04,Technology,0.07222108468434943,ICC calculation,366
2026-02-05,Technology,0.07290678079274311,ICC calculation,366
2026-02-06,Technology,0.07160215231021673,ICC calculation,365
2026-02-09,Technology,0.07092578897753225,ICC calculation,362
2026-02-10,Technology,0.07123727311704717,ICC calculation,363
2026-02-11,Technology,0.07148959363229235,ICC calculation,361
2026-02-12,Technology,0.07304323906880152,ICC calculation,363
2026-02-13,Technology,0.07319659618152007,ICC calculation,365
2026-02-16,Technology,0.07321544845966255,ICC calculation,363
2026-02-17,Technology,0.07318263837360775,ICC calculation,364
2026-02-18,Technology,0.07347340623726963,ICC calculation,364
2026-02-19,Technology,0.07385222492830469,ICC calculation,364
2026-02-20,Technology,0.07367350495053596,ICC calculation,365
2026-02-23,Technology,0.07447460593399556,ICC calculation,365
2026-02-24,Technology,0.07362371362274067,ICC calculation,364
2026-02-25,Technology,0.07298763792935269,ICC calculation,365
2026-02-26,Technology,0.07341154614624973,ICC calculation,367
2026-02-27,Technology,0.0741914127113329,ICC calculation,368
2026-03-02,Technology,0.07410935065123965,ICC calculation,367
2026-03-03,Technology,0.07485285737598647,ICC calculation,367
2026-03-04,Technology,0.07458722181377439,ICC calculation,367
2026-03-05,Technology,0.07746607279503072,ICC calculation,368
2026-03-06,Technology,0.0782665807996579,ICC calculation,367
2026-03-09,Technology,0.07806607394930869,ICC calculation,369
2026-03-10,Technology,0.0783543805204816,ICC calculation,369
2026-03-11,Technology,0.0782450267163481,ICC calculation,370
2026-03-12,Technology,0.0794153787037333,ICC calculation,370
2026-03-13,Technology,0.07991625649124282,ICC calculation,370
2026-03-16,Technology,0.0801909854810535,ICC calculation,371
2026-03-17,Technology,0.07995899936285905,ICC calculation,371
2026-03-18,Technology,0.08125270872633583,ICC calculation,371
2026-03-19,Technology,0.08231504407718301,ICC calculation,372
2026-03-20,Technology,0.08655446527968404,ICC calculation,372
2026-03-23,Technology,0.08333092451134406,ICC calculation,372
2026-03-24,Technology,0.08385907264364333,ICC calculation,372
2026-03-25,Technology,0.08355207066422564,ICC calculation,371
2026-03-26,Technology,0.08456749850951797,ICC calculation,376
2026-03-27,Technology,0.08563011353368889,ICC calculation,375
2026-03-30,Technology,0.08618715012802032,ICC calculation,374
2026-03-31,Technology,0.0842497910540855,ICC calculation,373
2026-04-01,Technology,0.0839888304046068,ICC calculation,375
2026-04-02,Technology,0.08372965794509594,ICC calculation,374
2026-04-03,Technology,0.08379768894024284,ICC calculation,374
2026-04-06,Technology,0.08379790357797035,ICC calculation,374
2026-04-07,Technology,0.08392736114529457,ICC calculation,375
2026-04-08,Technology,0.08249760165763206,ICC calculation,375
2026-04-09,Technology,0.08252171469775231,ICC calculation,375
2026-04-10,Technology,0.08267846287675393,ICC calculation,374
2026-04-13,Technology,0.0823618161813164,ICC calculation,374
2026-04-14,Technology,0.08210396058793584,ICC calculation,375
2026-04-15,Technology,0.08110708971210549,ICC calculation,375
2026-04-16,Technology,0.08157802446736395,ICC calculation,376
2025-10-28,Utilities,0.0821765362049947,ICC calculation,91
2025-10-29,Utilities,0.08273082761740803,ICC calculation,91
2025-10-30,Utilities,0.0825975970049667,ICC calculation,91
2025-10-31,Utilities,0.08303810114408884,ICC calculation,91
2025-11-03,Utilities,0.08328840015791493,ICC calculation,91
2025-11-04,Utilities,0.0830708465817402,ICC calculation,91
2025-11-05,Utilities,0.08301164885604562,ICC calculation,91
2025-11-06,Utilities,0.08348576648746214,ICC calculation,91
2025-11-07,Utilities,0.08035511768102527,ICC calculation,91
2025-11-10,Utilities,0.08299145745608047,ICC calculation,91
2025-11-11,Utilities,0.07914452603577402,ICC calculation,89
2025-11-12,Utilities,0.08170182633712487,ICC calculation,90
2025-11-13,Utilities,0.08223715023879039,ICC calculation,90
2025-11-14,Utilities,0.08250861435560843,ICC calculation,90
2025-11-17,Utilities,0.07917928558780425,ICC calculation,90
2025-11-18,Utilities,0.07994789291574618,ICC calculation,90
2025-11-19,Utilities,0.08088262463254856,ICC calculation,90
2025-11-20,Utilities,0.0821373834191286,ICC calculation,91
2025-11-24,Utilities,0.08197280664729298,ICC calculation,91
2025-11-26,Utilities,0.08112483619187787,ICC calculation,92
2025-11-27,Utilities,0.08111119076318776,ICC calculation,92
2025-11-28,Utilities,0.08068714200641974,ICC calculation,92
2025-12-01,Utilities,0.08196692066897021,ICC calculation,92
2025-12-02,Utilities,0.0830335027704843,ICC calculation,93
2025-12-03,Utilities,0.08286275700179066,ICC calculation,93
2025-12-04,Utilities,0.08314731368377168,ICC calculation,93
2025-12-05,Utilities,0.08351434927575288,ICC calculation,93
2025-12-08,Utilities,0.08480418506455073,ICC calculation,93
2025-12-09,Utilities,0.08474668037440862,ICC calculation,93
2025-12-10,Utilities,0.08510936226419308,ICC calculation,92
2025-12-11,Utilities,0.08455044402958525,ICC calculation,92
2025-12-12,Utilities,0.08459395991236207,ICC calculation,92
2025-12-15,Utilities,0.08394337953165484,ICC calculation,92
2025-12-16,Utilities,0.08447132825876222,ICC calculation,91
2025-12-17,Utilities,0.08447718535631786,ICC calculation,91
2025-12-18,Utilities,0.08438590892228237,ICC calculation,91
2025-12-19,Utilities,0.08516910380496005,ICC calculation,91
2025-12-22,Utilities,0.08389371403571311,ICC calculation,91
2025-12-23,Utilities,0.0842463109657757,ICC calculation,91
2025-12-24,Utilities,0.08329632198027227,ICC calculation,91
2025-12-25,Utilities,0.08302110449157364,ICC calculation,91
2025-12-26,Utilities,0.08318328917683579,ICC calculation,91
2025-12-29,Utilities,0.0825946541121665,ICC calculation,90
2025-12-30,Utilities,0.08311633619940945,ICC calculation,90
2025-12-31,Utilities,0.08348774325238971,ICC calculation,90
2026-01-01,Utilities,0.08392745300055877,ICC calculation,90
2026-01-02,Utilities,0.0832347727768204,ICC calculation,90
2026-01-05,Utilities,0.08388028504591567,ICC calculation,90
2026-01-06,Utilities,0.08361817983725889,ICC calculation,90
2026-01-07,Utilities,0.08474621422635578,ICC calculation,90
2026-01-08,Utilities,0.08447049230062185,ICC calculation,90
2026-01-09,Utilities,0.08379358545618767,ICC calculation,90
2026-01-12,Utilities,0.0833934059107261,ICC calculation,90
2026-01-13,Utilities,0.0830386899455397,ICC calculation,90
2026-01-14,Utilities,0.08269150119652108,ICC calculation,90
2026-01-15,Utilities,0.08207504776273249,ICC calculation,90
2026-01-16,Utilities,0.08228187362184684,ICC calculation,90
2026-01-19,Utilities,0.08231605274729273,ICC calculation,90
2026-01-20,Utilities,0.08277478393705986,ICC calculation,90
2026-01-21,Utilities,0.08241812584575316,ICC calculation,80
2026-01-22,Utilities,0.08276707467547093,ICC calculation,80
2026-01-23,Utilities,0.08290163825230391,ICC calculation,80
2026-01-26,Utilities,0.08223771113088632,ICC calculation,80
2026-01-27,Utilities,0.0819267102975741,ICC calculation,80
2026-01-28,Utilities,0.08257636363605295,ICC calculation,81
2026-01-29,Utilities,0.0814737108482904,ICC calculation,81
2026-01-30,Utilities,0.08115716611461118,ICC calculation,81
2026-02-03,Utilities,0.0817831438916081,ICC calculation,80
2026-02-04,Utilities,0.08221095003718881,ICC calculation,80
2026-02-05,Utilities,0.0824065053866086,ICC calculation,80
2026-02-06,Utilities,0.08213702085995976,ICC calculation,80
2026-02-09,Utilities,0.08206881109582156,ICC calculation,80
2026-02-10,Utilities,0.08148633829211123,ICC calculation,80
2026-02-11,Utilities,0.08075870295920565,ICC calculation,80
2026-02-12,Utilities,0.08038286949591458,ICC calculation,80
2026-02-13,Utilities,0.07949795470243148,ICC calculation,80
2026-02-16,Utilities,0.07974993877814379,ICC calculation,80
2026-02-17,Utilities,0.08015918893825781,ICC calculation,80
2026-02-18,Utilities,0.08140440223900225,ICC calculation,80
2026-02-19,Utilities,0.08145557721089215,ICC calculation,80
2026-02-20,Utilities,0.08186656229398533,ICC calculation,80
2026-02-23,Utilities,0.08157971359317436,ICC calculation,80
2026-02-24,Utilities,0.08226598405654023,ICC calculation,80
2026-02-25,Utilities,0.08178580772122322,ICC calculation,80
2026-02-26,Utilities,0.07559351766480438,ICC calculation,80
2026-02-27,Utilities,0.0749285882278573,ICC calculation,80
2026-03-02,Utilities,0.07522213490534002,ICC calculation,80
2026-03-03,Utilities,0.07519386933796149,ICC calculation,79
2026-03-04,Utilities,0.07493676998436015,ICC calculation,79
2026-03-05,Utilities,0.07544800479717892,ICC calculation,79
2026-03-06,Utilities,0.07580795848541376,ICC calculation,79
2026-03-09,Utilities,0.0753483861887725,ICC calculation,79
2026-03-10,Utilities,0.07580924131935628,ICC calculation,79
2026-03-11,Utilities,0.07618506624994274,ICC calculation,79
2026-03-12,Utilities,0.07512503009133102,ICC calculation,79
2026-03-13,Utilities,0.07463714955441256,ICC calculation,79
2026-03-16,Utilities,0.07421871052344209,ICC calculation,79
2026-03-17,Utilities,0.07612864695384175,ICC calculation,79
2026-03-18,Utilities,0.07678091013576656,ICC calculation,79
2026-03-19,Utilities,0.07709520040070736,ICC calculation,79
2026-03-20,Utilities,0.07690353612092275,ICC calculation,79
2026-03-23,Utilities,0.07776500074498446,ICC calculation,79
2026-03-24,Utilities,0.07651651025365729,ICC calculation,80
2026-03-25,Utilities,0.07630771640673897,ICC calculation,80
2026-03-26,Utilities,0.07623692634111738,ICC calculation,80
2026-03-27,Utilities,0.07605250453505127,ICC calculation,80
2026-03-30,Utilities,0.07829578080477945,ICC calculation,80
2026-03-31,Utilities,0.07834984138646284,ICC calculation,80
2026-04-01,Utilities,0.07812179172083689,ICC calculation,80
2026-04-02,Utilities,0.07775820922807838,ICC calculation,80
2026-04-03,Utilities,0.07794505721620044,ICC calculation,80
2026-04-06,Utilities,0.07823585708806981,ICC calculation,80
2026-04-07,Utilities,0.07782642724382507,ICC calculation,80
2026-04-08,Utilities,0.0772552985416944,ICC calculation,80
2026-04-09,Utilities,0.07678765072044318,ICC calculation,80
2026-04-10,Utilities,0.07701515226747363,ICC calculation,80
2026-04-13,Utilities,0.07712521220214219,ICC calculation,80
2026-04-14,Utilities,0.07690268234887083,ICC calculation,80
2026-04-15,Utilities,0.07737848987916464,ICC calculation,80
2026-04-16,Utilities,0.0772369067138059,ICC calculation,80
